BANK_NAME,STATE,VARIABLE_NAME,VALUE,UNIT,DATE
1NB Bank,IL,Total Assets,293354000.00000000000,USD,2025-03-31
1st Advantage Bank,MO,Total Assets,182343000.00000000000,USD,2025-03-31
1st Bank Yuma,AZ,Total Assets,619270000.00000000000,USD,2025-03-31
1st Bank in Hominy,OK,Total Assets,42577000.00000000000,USD,2025-03-31
1st Bank of Sea Isle City,NJ,Total Assets,310633000.00000000000,USD,2025-03-31
1st Colonial Community Bank,NJ,Total Assets,867569000.00000000000,USD,2025-03-31
1st Community Bank,IL,Total Assets,67162000.00000000000,USD,2025-03-31
1st Equity Bank,IL,Total Assets,122102000.00000000000,USD,2025-03-31
"1st Federal Savings Bank of SC, Inc.",SC,Total Assets,152704000.00000000000,USD,2025-03-31
1st Financial Bank USA,SD,Total Assets,1344372000.00000000000,USD,2025-03-31
1st National Bank,OH,Total Assets,276453000.00000000000,USD,2025-03-31
1st Security Bank of Washington,WA,Total Assets,3066005000.00000000000,USD,2025-03-31
1st Source Bank,IN,Total Assets,8959893000.00000000000,USD,2025-03-31
1st State Bank,MI,Total Assets,449175000.00000000000,USD,2025-03-31
1st Summit Bank,PA,Total Assets,1425901000.00000000000,USD,2025-03-31
"1st Trust Bank, Inc.",KY,Total Assets,319281000.00000000000,USD,2025-03-31
21st Century Bank,MN,Total Assets,820381000.00000000000,USD,2025-03-31
22nd State Bank,AL,Total Assets,328059000.00000000000,USD,2025-03-31
42 North Private Bank,MA,Total Assets,211207000.00000000000,USD,2025-03-31
5Star Bank,CO,Total Assets,372754000.00000000000,USD,2025-03-31
AB&T,GA,Total Assets,271973000.00000000000,USD,2025-03-31
ACB Bank,OK,Total Assets,133983000.00000000000,USD,2025-03-31
ACNB Bank,PA,Total Assets,3252111000.00000000000,USD,2025-03-31
AMG National Trust Bank,CO,Total Assets,732314000.00000000000,USD,2025-03-31
ANB Bank,CO,Total Assets,2948781000.00000000000,USD,2025-03-31
AVB Bank,OK,Total Assets,517377000.00000000000,USD,2025-03-31
Abacus Federal Savings Bank,NY,Total Assets,325440000.00000000000,USD,2025-03-31
Abbeville Building & Loan (A State-Chartered Savings Bank),LA,Total Assets,64542000.00000000000,USD,2025-03-31
"Abbeville First Bank, SSB",SC,Total Assets,134158000.00000000000,USD,2025-03-31
AbbyBank,WI,Total Assets,647131000.00000000000,USD,2025-03-31
"Academy Bank, National Association",MO,Total Assets,2938382000.00000000000,USD,2025-03-31
Access Bank,NE,Total Assets,966272000.00000000000,USD,2025-03-31
Adams Bank & Trust,NE,Total Assets,1344993000.00000000000,USD,2025-03-31
Adams Community Bank,MA,Total Assets,1046097000.00000000000,USD,2025-03-31
Adams County Bank,NE,Total Assets,241072000.00000000000,USD,2025-03-31
Adams State Bank,NE,Total Assets,73220000.00000000000,USD,2025-03-31
Adelphi Bank,OH,Total Assets,77743000.00000000000,USD,2025-03-31
Adirondack Bank,NY,Total Assets,994373000.00000000000,USD,2025-03-31
Adrian Bank,MO,Total Assets,179900000.00000000000,USD,2025-03-31
Adrian State Bank,MN,Total Assets,59604000.00000000000,USD,2025-03-31
"Affinity Bank, National Association",GA,Total Assets,911705000.00000000000,USD,2025-03-31
"Agility Bank, National Association",TX,Total Assets,126417000.00000000000,USD,2025-03-31
Alamerica Bank,AL,Total Assets,18839000.00000000000,USD,2025-03-31
Alamosa State Bank,CO,Total Assets,323882000.00000000000,USD,2025-03-31
Albany Bank and Trust Company National Association,IL,Total Assets,705645000.00000000000,USD,2025-03-31
Alden State Bank,MI,Total Assets,319231000.00000000000,USD,2025-03-31
Alden State Bank,NY,Total Assets,441120000.00000000000,USD,2025-03-31
"Alerus Financial, National Association",ND,Total Assets,5326806000.00000000000,USD,2025-03-31
All America Bank,OK,Total Assets,612798000.00000000000,USD,2025-03-31
All Capital Bank,OK,Total Assets,118675000.00000000000,USD,2025-03-31
AllNations Bank,OK,Total Assets,73488000.00000000000,USD,2025-03-31
Alliance Bank,IN,Total Assets,437022000.00000000000,USD,2025-03-31
Alliance Bank,MN,Total Assets,777232000.00000000000,USD,2025-03-31
Alliance Bank,TX,Total Assets,1387814000.00000000000,USD,2025-03-31
Alliance Bank,MO,Total Assets,371931000.00000000000,USD,2025-03-31
Alliance Bank,WI,Total Assets,232426000.00000000000,USD,2025-03-31
Alliance Bank Central Texas,TX,Total Assets,987853000.00000000000,USD,2025-03-31
Alliance Community Bank,IL,Total Assets,411973000.00000000000,USD,2025-03-31
Alliant Bank,MO,Total Assets,249481000.00000000000,USD,2025-03-31
Ally Bank,UT,Total Assets,182323000000.00000000000,USD,2025-03-31
Alma Bank,NY,Total Assets,1500290000.00000000000,USD,2025-03-31
Alpine Bank,CO,Total Assets,6661051000.00000000000,USD,2025-03-31
Alpine Capital Bank,NY,Total Assets,215662000.00000000000,USD,2025-03-31
Altamaha Bank & Trust Company,GA,Total Assets,328803000.00000000000,USD,2025-03-31
Alton Bank,MO,Total Assets,134723000.00000000000,USD,2025-03-31
Altoona First Savings Bank,PA,Total Assets,321587000.00000000000,USD,2025-03-31
Altos Bank,CA,Total Assets,28563000.00000000000,USD,2025-03-31
Alva State Bank & Trust Company,OK,Total Assets,565254000.00000000000,USD,2025-03-31
Amalgamated Bank,NY,Total Assets,8289862000.00000000000,USD,2025-03-31
Amalgamated Bank of Chicago,IL,Total Assets,1186570000.00000000000,USD,2025-03-31
Amarillo National Bank,TX,Total Assets,9743947000.00000000000,USD,2025-03-31
Ambler Savings Bank,PA,Total Assets,503575000.00000000000,USD,2025-03-31
Amboy Bank,NJ,Total Assets,2787584000.00000000000,USD,2025-03-31
"Amerant Bank, National Association",FL,Total Assets,10147301000.00000000000,USD,2025-03-31
Amerasia Bank,NY,Total Assets,995918000.00000000000,USD,2025-03-31
AmeriFirst Bank,AL,Total Assets,357497000.00000000000,USD,2025-03-31
America's Community Bank,MO,Total Assets,51723000.00000000000,USD,2025-03-31
American Bank,PA,Total Assets,1005824000.00000000000,USD,2025-03-31
American Bank,LA,Total Assets,327183000.00000000000,USD,2025-03-31
American Bank,MT,Total Assets,663889000.00000000000,USD,2025-03-31
American Bank & Trust,SD,Total Assets,1941027000.00000000000,USD,2025-03-31
American Bank & Trust Company,LA,Total Assets,255468000.00000000000,USD,2025-03-31
"American Bank & Trust Company, Inc.",KY,Total Assets,891906000.00000000000,USD,2025-03-31
American Bank and Trust Company,OK,Total Assets,306591000.00000000000,USD,2025-03-31
"American Bank and Trust Company, National Association",IA,Total Assets,501067000.00000000000,USD,2025-03-31
American Bank of Baxter Springs,KS,Total Assets,191791000.00000000000,USD,2025-03-31
American Bank of Beaver Dam,WI,Total Assets,199663000.00000000000,USD,2025-03-31
American Bank of Commerce,TX,Total Assets,1490531000.00000000000,USD,2025-03-31
American Bank of Freedom,MO,Total Assets,941567000.00000000000,USD,2025-03-31
American Bank of Oklahoma,OK,Total Assets,385461000.00000000000,USD,2025-03-31
American Bank of the Carolinas,NC,Total Assets,192369000.00000000000,USD,2025-03-31
"American Bank, National Association",IA,Total Assets,551879000.00000000000,USD,2025-03-31
"American Bank, National Association",TX,Total Assets,602901000.00000000000,USD,2025-03-31
"American Bank, National Association",TX,Total Assets,2517020000.00000000000,USD,2025-03-31
"American Bank, National Association",TX,Total Assets,632208000.00000000000,USD,2025-03-31
American Business Bank,CA,Total Assets,4174286000.00000000000,USD,2025-03-31
"American Commerce Bank, National Association",GA,Total Assets,511515000.00000000000,USD,2025-03-31
"American Commercial Bank & Trust, National Association",IL,Total Assets,1764192000.00000000000,USD,2025-03-31
American Community Bank,NY,Total Assets,287564000.00000000000,USD,2025-03-31
American Community Bank & Trust,IL,Total Assets,1037593000.00000000000,USD,2025-03-31
American Community Bank of Indiana,IN,Total Assets,375206000.00000000000,USD,2025-03-31
American Continental Bank,CA,Total Assets,362729000.00000000000,USD,2025-03-31
American Eagle Bank,IL,Total Assets,485969000.00000000000,USD,2025-03-31
American Exchange Bank,NE,Total Assets,67901000.00000000000,USD,2025-03-31
American Exchange Bank,OK,Total Assets,96004000.00000000000,USD,2025-03-31
"American Exchange Bank, Lindsay, Oklahoma",OK,Total Assets,97307000.00000000000,USD,2025-03-31
American Express National  Bank,UT,Total Assets,203447693000.00000000000,USD,2025-03-31
American Federal Bank,ND,Total Assets,770656000.00000000000,USD,2025-03-31
American First National Bank,TX,Total Assets,2807023000.00000000000,USD,2025-03-31
American Heritage Bank,NM,Total Assets,136277000.00000000000,USD,2025-03-31
American Heritage Bank,OK,Total Assets,1530372000.00000000000,USD,2025-03-31
American Heritage National Bank,MN,Total Assets,559086000.00000000000,USD,2025-03-31
American Interstate Bank,NE,Total Assets,120302000.00000000000,USD,2025-03-31
American Metro Bank,IL,Total Assets,109457000.00000000000,USD,2025-03-31
American Momentum Bank,TX,Total Assets,2823668000.00000000000,USD,2025-03-31
American Nation Bank,OK,Total Assets,672711000.00000000000,USD,2025-03-31
American National Bank,NE,Total Assets,5209470000.00000000000,USD,2025-03-31
American National Bank & Trust,TX,Total Assets,2370355000.00000000000,USD,2025-03-31
American National Bank - Fox Cities,WI,Total Assets,417359000.00000000000,USD,2025-03-31
American National Bank of Minnesota,MN,Total Assets,480533000.00000000000,USD,2025-03-31
"American Plus Bank, N.A.",CA,Total Assets,783388000.00000000000,USD,2025-03-31
American Pride Bank,GA,Total Assets,491161000.00000000000,USD,2025-03-31
American Riviera Bank,CA,Total Assets,1288204000.00000000000,USD,2025-03-31
"American Savings Bank, FSB",HI,Total Assets,9162762000.00000000000,USD,2025-03-31
American State Bank,TX,Total Assets,688540000.00000000000,USD,2025-03-31
American State Bank,IA,Total Assets,329115000.00000000000,USD,2025-03-31
American State Bank,IA,Total Assets,1454637000.00000000000,USD,2025-03-31
American State Bank & Trust Company of Williston,ND,Total Assets,646118000.00000000000,USD,2025-03-31
American State Bank of Grygla,MN,Total Assets,81478000.00000000000,USD,2025-03-31
American Trust and Savings Bank,IA,Total Assets,33605000.00000000000,USD,2025-03-31
Americana Community Bank,MN,Total Assets,177779000.00000000000,USD,2025-03-31
"Ameriprise Bank, FSB",MN,Total Assets,24177571000.00000000000,USD,2025-03-31
Ameris Bank,GA,Total Assets,26427916000.00000000000,USD,2025-03-31
Ameriserv Financial Bank,PA,Total Assets,1426921000.00000000000,USD,2025-03-31
Ameristate Bank,OK,Total Assets,447975000.00000000000,USD,2025-03-31
Amistad Bank,TX,Total Assets,52241000.00000000000,USD,2025-03-31
Amory Federal Savings and Loan Association,MS,Total Assets,71642000.00000000000,USD,2025-03-31
Anahuac National Bank,TX,Total Assets,291547000.00000000000,USD,2025-03-31
Anchor Bank,FL,Total Assets,500445000.00000000000,USD,2025-03-31
Anchor D Bank,OK,Total Assets,385302000.00000000000,USD,2025-03-31
Anchor State Bank,IL,Total Assets,64319000.00000000000,USD,2025-03-31
Anderson Brothers Bank,SC,Total Assets,2066810000.00000000000,USD,2025-03-31
Anderson State Bank,IL,Total Assets,111188000.00000000000,USD,2025-03-31
Andes State Bank,SD,Total Assets,26141000.00000000000,USD,2025-03-31
Andover State Bank,KS,Total Assets,208780000.00000000000,USD,2025-03-31
Andrew Johnson Bank,TN,Total Assets,595955000.00000000000,USD,2025-03-31
Androscoggin Savings Bank,ME,Total Assets,1694530000.00000000000,USD,2025-03-31
"Angelina Savings Bank, SSB",TX,Total Assets,80824000.00000000000,USD,2025-03-31
Anna State Bank,IL,Total Assets,107161000.00000000000,USD,2025-03-31
Anstaff Bank,AR,Total Assets,1093436000.00000000000,USD,2025-03-31
Anthem Bank & Trust,LA,Total Assets,201452000.00000000000,USD,2025-03-31
Apex Bank,TN,Total Assets,1386953000.00000000000,USD,2025-03-31
Apex Banking Company of Georgia,GA,Total Assets,63580000.00000000000,USD,2025-03-31
Apollo Trust Company,PA,Total Assets,205145000.00000000000,USD,2025-03-31
Apple Bank,NY,Total Assets,17944824000.00000000000,USD,2025-03-31
Apple River State Bank,IL,Total Assets,611375000.00000000000,USD,2025-03-31
Applied Bank,DE,Total Assets,277124000.00000000000,USD,2025-03-31
Arbor Bank,NE,Total Assets,616500000.00000000000,USD,2025-03-31
Arcadian Bank,MN,Total Assets,224476000.00000000000,USD,2025-03-31
Argentine Federal Savings,KS,Total Assets,68083000.00000000000,USD,2025-03-31
Arlington State Bank,MN,Total Assets,56936000.00000000000,USD,2025-03-31
Arlo Bank,MO,Total Assets,135919000.00000000000,USD,2025-03-31
"Armed Forces Bank, National Association",KS,Total Assets,1418808000.00000000000,USD,2025-03-31
Armor Bank,AR,Total Assets,468721000.00000000000,USD,2025-03-31
Armstrong Bank,OK,Total Assets,2473491000.00000000000,USD,2025-03-31
Armstrong County Building and Loan Association,PA,Total Assets,96790000.00000000000,USD,2025-03-31
Aroostook County Federal Savings and Loan Association,ME,Total Assets,199014000.00000000000,USD,2025-03-31
Arrow Bank National Association,NY,Total Assets,4440208000.00000000000,USD,2025-03-31
Arrowhead Bank,TX,Total Assets,291870000.00000000000,USD,2025-03-31
Arthur State Bank,SC,Total Assets,788655000.00000000000,USD,2025-03-31
Artisans' Bank,DE,Total Assets,694474000.00000000000,USD,2025-03-31
Arundel Federal Savings Bank,MD,Total Assets,454283000.00000000000,USD,2025-03-31
Arvest Bank,AR,Total Assets,27136208000.00000000000,USD,2025-03-31
Ascend Bank,CT,Total Assets,1189191000.00000000000,USD,2025-03-31
Ascendia Bank,NJ,Total Assets,394079000.00000000000,USD,2025-03-31
Ascent Bank,MT,Total Assets,104551000.00000000000,USD,2025-03-31
Ashton State Bank,IA,Total Assets,55319000.00000000000,USD,2025-03-31
Asian Bank,PA,Total Assets,606439000.00000000000,USD,2025-03-31
Asian Pacific National Bank,CA,Total Assets,55491000.00000000000,USD,2025-03-31
Aspire Bank,ND,Total Assets,65879000.00000000000,USD,2025-03-31
"Associated Bank, National Association",WI,Total Assets,43249136000.00000000000,USD,2025-03-31
Astra Bank,KS,Total Assets,414651000.00000000000,USD,2025-03-31
Atascosa Bank,TX,Total Assets,86746000.00000000000,USD,2025-03-31
Athol Savings Bank,MA,Total Assets,675710000.00000000000,USD,2025-03-31
Atkins Savings Bank & Trust,IA,Total Assets,160536000.00000000000,USD,2025-03-31
Atlantic Community Bankers Bank,PA,Total Assets,942449000.00000000000,USD,2025-03-31
Atlantic Union Bank,VA,Total Assets,24519745000.00000000000,USD,2025-03-31
Auburn Banking Company,KY,Total Assets,139652000.00000000000,USD,2025-03-31
"Auburn Savings Bank, FSB",ME,Total Assets,101149000.00000000000,USD,2025-03-31
Auburn State Bank,NE,Total Assets,258505000.00000000000,USD,2025-03-31
AuburnBank,AL,Total Assets,996268000.00000000000,USD,2025-03-31
Audubon State Bank,IA,Total Assets,162674000.00000000000,USD,2025-03-31
"Austin Bank, Texas National Association",TX,Total Assets,3119259000.00000000000,USD,2025-03-31
Austin Capital Bank SSB,TX,Total Assets,462233000.00000000000,USD,2025-03-31
Austin County State Bank,TX,Total Assets,417617000.00000000000,USD,2025-03-31
Availa Bank,IA,Total Assets,1645413000.00000000000,USD,2025-03-31
Avana Bank,TX,Total Assets,41754000.00000000000,USD,2025-03-31
Avidbank,CA,Total Assets,2313465000.00000000000,USD,2025-03-31
Avidia Bank,MA,Total Assets,2709220000.00000000000,USD,2025-03-31
"Axiom Bank, National Association",FL,Total Assets,861206000.00000000000,USD,2025-03-31
Axos Bank,CA,Total Assets,23099500000.00000000000,USD,2025-03-31
B2 Bank National Association,MN,Total Assets,83262000.00000000000,USD,2025-03-31
BAC Community Bank,CA,Total Assets,791420000.00000000000,USD,2025-03-31
BANK,IA,Total Assets,161202000.00000000000,USD,2025-03-31
BANK360,OK,Total Assets,63858000.00000000000,USD,2025-03-31
BANKWEST,MN,Total Assets,243347000.00000000000,USD,2025-03-31
BCB Community Bank,NJ,Total Assets,3472064000.00000000000,USD,2025-03-31
"BCBank, Inc.",WV,Total Assets,223017000.00000000000,USD,2025-03-31
"BEACON BUSINESS BANK, NATIONAL ASSOCIATION",CA,Total Assets,169196000.00000000000,USD,2025-03-31
BLC Community Bank,WI,Total Assets,425583000.00000000000,USD,2025-03-31
BMO Bank National Association,IL,Total Assets,257049115000.00000000000,USD,2025-03-31
BMO Harris Central National Association,IL,Total Assets,8167000.00000000000,USD,2025-03-31
BMW Bank of North America,UT,Total Assets,12294454000.00000000000,USD,2025-03-31
BNA Bank,MS,Total Assets,794686000.00000000000,USD,2025-03-31
BNC National Bank,AZ,Total Assets,965171000.00000000000,USD,2025-03-31
BNY Mellon Trust of Delaware,DE,Total Assets,235031000.00000000000,USD,2025-03-31
"BNY Mellon, National Association",PA,Total Assets,30061000000.00000000000,USD,2025-03-31
BOC Bank,TX,Total Assets,211728000.00000000000,USD,2025-03-31
"BOKF, National Association",OK,Total Assets,50345105000.00000000000,USD,2025-03-31
BOM Bank,LA,Total Assets,1358525000.00000000000,USD,2025-03-31
BTC Bank,MO,Total Assets,1394240000.00000000000,USD,2025-03-31
Badger Bank,WI,Total Assets,197707000.00000000000,USD,2025-03-31
Baker-Boyer National Bank,WA,Total Assets,675907000.00000000000,USD,2025-03-31
Balboa Thrift and Loan Association,CA,Total Assets,416037000.00000000000,USD,2025-03-31
Ballston Spa National Bank,NY,Total Assets,898639000.00000000000,USD,2025-03-31
Banc of California,CA,Total Assets,33692415000.00000000000,USD,2025-03-31
BancFirst,OK,Total Assets,11760868000.00000000000,USD,2025-03-31
Banco Popular de Puerto Rico,PR,Total Assets,59140000000.00000000000,USD,2025-03-31
Banco do Brasil Americas,FL,Total Assets,3035260000.00000000000,USD,2025-03-31
Bandera Bank,TX,Total Assets,92849000.00000000000,USD,2025-03-31
Banesco USA,FL,Total Assets,4748519000.00000000000,USD,2025-03-31
Bangor Savings Bank,ME,Total Assets,7235355000.00000000000,USD,2025-03-31
Bank & Trust Company,IL,Total Assets,602303000.00000000000,USD,2025-03-31
Bank 1st,IA,Total Assets,163794000.00000000000,USD,2025-03-31
Bank 21,MO,Total Assets,172985000.00000000000,USD,2025-03-31
Bank 7,OK,Total Assets,1784463000.00000000000,USD,2025-03-31
"Bank First, N.A.",WI,Total Assets,4503954000.00000000000,USD,2025-03-31
Bank Five Nine,WI,Total Assets,2424391000.00000000000,USD,2025-03-31
Bank Forward,ND,Total Assets,1054000000.00000000000,USD,2025-03-31
Bank Independent,AL,Total Assets,2787828000.00000000000,USD,2025-03-31
Bank Iowa,IA,Total Assets,2158940000.00000000000,USD,2025-03-31
Bank Irvine,CA,Total Assets,243588000.00000000000,USD,2025-03-31
Bank Michigan,MI,Total Assets,132273000.00000000000,USD,2025-03-31
Bank Midwest,IA,Total Assets,1348818000.00000000000,USD,2025-03-31
Bank Northwest,MO,Total Assets,209727000.00000000000,USD,2025-03-31
Bank OZK,AR,Total Assets,39165415000.00000000000,USD,2025-03-31
Bank Of Clarke,VA,Total Assets,1904254000.00000000000,USD,2025-03-31
Bank Of Jackson Hole Trust,WY,Total Assets,41075000.00000000000,USD,2025-03-31
Bank Plus,IA,Total Assets,152545000.00000000000,USD,2025-03-31
Bank Rhode Island,RI,Total Assets,3403329000.00000000000,USD,2025-03-31
Bank Star,MO,Total Assets,190476000.00000000000,USD,2025-03-31
Bank of 1889,AR,Total Assets,301509000.00000000000,USD,2025-03-31
Bank of Abbeville & Trust Company,LA,Total Assets,221027000.00000000000,USD,2025-03-31
Bank of Alapaha,GA,Total Assets,238458000.00000000000,USD,2025-03-31
Bank of Alma,WI,Total Assets,322593000.00000000000,USD,2025-03-31
"Bank of America California, National Association",CA,Total Assets,16118000000.00000000000,USD,2025-03-31
"Bank of America, National Association",NC,Total Assets,2615296000000.00000000000,USD,2025-03-31
Bank of Anguilla,MS,Total Assets,202281000.00000000000,USD,2025-03-31
Bank of Ann Arbor,MI,Total Assets,3244258000.00000000000,USD,2025-03-31
Bank of Bartlett,TN,Total Assets,583451000.00000000000,USD,2025-03-31
Bank of Bearden,AR,Total Assets,59073000.00000000000,USD,2025-03-31
Bank of Belle Glade,FL,Total Assets,169808000.00000000000,USD,2025-03-31
Bank of Belleville,IL,Total Assets,475022000.00000000000,USD,2025-03-31
Bank of Billings,MO,Total Assets,96110000.00000000000,USD,2025-03-31
Bank of Bird-in-Hand,PA,Total Assets,1614930000.00000000000,USD,2025-03-31
Bank of Botetourt,VA,Total Assets,865386000.00000000000,USD,2025-03-31
Bank of Bozeman,MT,Total Assets,101025000.00000000000,USD,2025-03-31
Bank of Brewton,AL,Total Assets,46635000.00000000000,USD,2025-03-31
"Bank of Bridger, National Association",MT,Total Assets,771850000.00000000000,USD,2025-03-31
"Bank of Brookfield - Purdin, National Association",MO,Total Assets,114065000.00000000000,USD,2025-03-31
Bank of Brookhaven,MS,Total Assets,256014000.00000000000,USD,2025-03-31
Bank of Buffalo,KY,Total Assets,118708000.00000000000,USD,2025-03-31
Bank of Burlington,VT,Total Assets,273586000.00000000000,USD,2025-03-31
Bank of Cadiz and Trust Company,KY,Total Assets,140374000.00000000000,USD,2025-03-31
Bank of Calhoun County,IL,Total Assets,97318000.00000000000,USD,2025-03-31
Bank of Camilla,GA,Total Assets,172494000.00000000000,USD,2025-03-31
Bank of Cashton,WI,Total Assets,138485000.00000000000,USD,2025-03-31
Bank of Cattaraugus,NY,Total Assets,33751000.00000000000,USD,2025-03-31
Bank of Cave City,AR,Total Assets,195453000.00000000000,USD,2025-03-31
Bank of Central Florida,FL,Total Assets,1197066000.00000000000,USD,2025-03-31
Bank of Charles Town,WV,Total Assets,894916000.00000000000,USD,2025-03-31
Bank of Clarks,NE,Total Assets,56445000.00000000000,USD,2025-03-31
Bank of Clarkson,KY,Total Assets,166108000.00000000000,USD,2025-03-31
Bank of Cleveland,TN,Total Assets,379768000.00000000000,USD,2025-03-31
Bank of Colorado,CO,Total Assets,7277390000.00000000000,USD,2025-03-31
Bank of Columbia,KY,Total Assets,212986000.00000000000,USD,2025-03-31
Bank of Commerce,OK,Total Assets,188883000.00000000000,USD,2025-03-31
Bank of Commerce,WY,Total Assets,197776000.00000000000,USD,2025-03-31
Bank of Commerce,OK,Total Assets,366870000.00000000000,USD,2025-03-31
Bank of Commerce,KS,Total Assets,470321000.00000000000,USD,2025-03-31
Bank of Commerce,MS,Total Assets,983464000.00000000000,USD,2025-03-31
Bank of Commerce & Trust Co.,LA,Total Assets,361651000.00000000000,USD,2025-03-31
Bank of Commerce and Trust Company,KS,Total Assets,110768000.00000000000,USD,2025-03-31
Bank of Coushatta,LA,Total Assets,312368000.00000000000,USD,2025-03-31
Bank of Crocker,MO,Total Assets,144325000.00000000000,USD,2025-03-31
Bank of Crockett,TN,Total Assets,284530000.00000000000,USD,2025-03-31
Bank of Dade,GA,Total Assets,154233000.00000000000,USD,2025-03-31
Bank of Dawson,GA,Total Assets,158235000.00000000000,USD,2025-03-31
"Bank of DeSoto, National Association",TX,Total Assets,267104000.00000000000,USD,2025-03-31
Bank of Deerfield,WI,Total Assets,234121000.00000000000,USD,2025-03-31
Bank of Delight,AR,Total Assets,184298000.00000000000,USD,2025-03-31
Bank of Denton,KS,Total Assets,22484000.00000000000,USD,2025-03-31
Bank of Dickson,TN,Total Assets,284078000.00000000000,USD,2025-03-31
Bank of Dixon County,NE,Total Assets,127809000.00000000000,USD,2025-03-31
Bank of Dudley,GA,Total Assets,454940000.00000000000,USD,2025-03-31
Bank of Eastern Oregon,OR,Total Assets,897525000.00000000000,USD,2025-03-31
Bank of Easton,MA,Total Assets,210706000.00000000000,USD,2025-03-31
Bank of Edmonson County,KY,Total Assets,284983000.00000000000,USD,2025-03-31
Bank of Elgin,NE,Total Assets,77545000.00000000000,USD,2025-03-31
Bank of England,AR,Total Assets,347772000.00000000000,USD,2025-03-31
Bank of Erath,LA,Total Assets,109259000.00000000000,USD,2025-03-31
Bank of Estes Park,CO,Total Assets,153629000.00000000000,USD,2025-03-31
Bank of Eufaula,OK,Total Assets,95900000.00000000000,USD,2025-03-31
Bank of Evergreen,AL,Total Assets,75979000.00000000000,USD,2025-03-31
Bank of Farmington,IL,Total Assets,232914000.00000000000,USD,2025-03-31
Bank of Frankewing,TN,Total Assets,502997000.00000000000,USD,2025-03-31
Bank of Franklin,MS,Total Assets,243790000.00000000000,USD,2025-03-31
Bank of Franklin County,MO,Total Assets,422500000.00000000000,USD,2025-03-31
Bank of Gleason,TN,Total Assets,126616000.00000000000,USD,2025-03-31
Bank of Grand Lake,OK,Total Assets,252946000.00000000000,USD,2025-03-31
Bank of Grandin,MO,Total Assets,226469000.00000000000,USD,2025-03-31
Bank of Greeley,KS,Total Assets,49411000.00000000000,USD,2025-03-31
Bank of Greeleyville,SC,Total Assets,145399000.00000000000,USD,2025-03-31
Bank of Guam,GU,Total Assets,2727820000.00000000000,USD,2025-03-31
Bank of Gueydan,LA,Total Assets,71990000.00000000000,USD,2025-03-31
Bank of Halls,TN,Total Assets,140880000.00000000000,USD,2025-03-31
Bank of Hancock County,GA,Total Assets,85564000.00000000000,USD,2025-03-31
Bank of Hartington,NE,Total Assets,136028000.00000000000,USD,2025-03-31
Bank of Hawaii,HI,Total Assets,23852764000.00000000000,USD,2025-03-31
Bank of Hays,KS,Total Assets,364560000.00000000000,USD,2025-03-31
Bank of Hazelton,ND,Total Assets,64303000.00000000000,USD,2025-03-31
Bank of Hazlehurst,GA,Total Assets,131984000.00000000000,USD,2025-03-31
"Bank of Hillsboro, National Association",IL,Total Assets,646213000.00000000000,USD,2025-03-31
Bank of Hindman,KY,Total Assets,264625000.00000000000,USD,2025-03-31
Bank of Holland,NY,Total Assets,240617000.00000000000,USD,2025-03-31
Bank of Holly Springs,MS,Total Assets,587439000.00000000000,USD,2025-03-31
Bank of Holyrood,KS,Total Assets,66278000.00000000000,USD,2025-03-31
Bank of Hope,CA,Total Assets,17063123000.00000000000,USD,2025-03-31
Bank of Houston,TX,Total Assets,761698000.00000000000,USD,2025-03-31
Bank of Hydro,OK,Total Assets,173324000.00000000000,USD,2025-03-31
Bank of Iberia,MO,Total Assets,69438000.00000000000,USD,2025-03-31
Bank of Jamestown,KY,Total Assets,257600000.00000000000,USD,2025-03-31
Bank of Kampsville,IL,Total Assets,123592000.00000000000,USD,2025-03-31
Bank of Kilmichael,MS,Total Assets,321247000.00000000000,USD,2025-03-31
Bank of Labor,KS,Total Assets,1034136000.00000000000,USD,2025-03-31
Bank of Lake Mills,WI,Total Assets,493691000.00000000000,USD,2025-03-31
Bank of Lake Village,AR,Total Assets,84432000.00000000000,USD,2025-03-31
"Bank of Lexington, Inc.",KY,Total Assets,456968000.00000000000,USD,2025-03-31
Bank of Lincoln County,TN,Total Assets,220051000.00000000000,USD,2025-03-31
Bank of Lindsay,NE,Total Assets,92987000.00000000000,USD,2025-03-31
Bank of Little Rock,AR,Total Assets,306200000.00000000000,USD,2025-03-31
Bank of Louisiana,LA,Total Assets,99041000.00000000000,USD,2025-03-31
Bank of Lumber City,GA,Total Assets,25356000.00000000000,USD,2025-03-31
Bank of Luxemburg,WI,Total Assets,675070000.00000000000,USD,2025-03-31
Bank of Madison,GA,Total Assets,432028000.00000000000,USD,2025-03-31
Bank of Maple Plain,MN,Total Assets,86566000.00000000000,USD,2025-03-31
Bank of Marin,CA,Total Assets,3783907000.00000000000,USD,2025-03-31
Bank of Mauston,WI,Total Assets,395729000.00000000000,USD,2025-03-31
Bank of Maysville,KY,Total Assets,166246000.00000000000,USD,2025-03-31
Bank of Mead,NE,Total Assets,38454000.00000000000,USD,2025-03-31
Bank of Millbrook,NY,Total Assets,284094000.00000000000,USD,2025-03-31
Bank of Milton,WI,Total Assets,206557000.00000000000,USD,2025-03-31
Bank of Montana,MT,Total Assets,326582000.00000000000,USD,2025-03-31
Bank of Monticello,GA,Total Assets,155241000.00000000000,USD,2025-03-31
Bank of Monticello,MO,Total Assets,148931000.00000000000,USD,2025-03-31
Bank of Moundville,AL,Total Assets,128133000.00000000000,USD,2025-03-31
Bank of New Cambria,MO,Total Assets,34548000.00000000000,USD,2025-03-31
Bank of New England,NH,Total Assets,1688107000.00000000000,USD,2025-03-31
Bank of New Hampshire,NH,Total Assets,2654603000.00000000000,USD,2025-03-31
Bank of New Madrid,MO,Total Assets,126532000.00000000000,USD,2025-03-31
Bank of Newington,GA,Total Assets,287171000.00000000000,USD,2025-03-31
Bank of O'Fallon,IL,Total Assets,374915000.00000000000,USD,2025-03-31
Bank of Oak Ridge,LA,Total Assets,117974000.00000000000,USD,2025-03-31
Bank of Oak Ridge,NC,Total Assets,674415000.00000000000,USD,2025-03-31
Bank of Ocean City,MD,Total Assets,657883000.00000000000,USD,2025-03-31
Bank of Odessa,MO,Total Assets,640595000.00000000000,USD,2025-03-31
Bank of Ontario,WI,Total Assets,80295000.00000000000,USD,2025-03-31
Bank of Pensacola,FL,Total Assets,139244000.00000000000,USD,2025-03-31
Bank of Perry County,TN,Total Assets,235560000.00000000000,USD,2025-03-31
Bank of Pontiac,IL,Total Assets,1136841000.00000000000,USD,2025-03-31
Bank of Prague,NE,Total Assets,42605000.00000000000,USD,2025-03-31
Bank of Prairie Village,KS,Total Assets,155758000.00000000000,USD,2025-03-31
Bank of Prairie du Sac,WI,Total Assets,613585000.00000000000,USD,2025-03-31
Bank of Rantoul,IL,Total Assets,262795000.00000000000,USD,2025-03-31
Bank of Richmondville,NY,Total Assets,185020000.00000000000,USD,2025-03-31
Bank of Salem,MO,Total Assets,143360000.00000000000,USD,2025-03-31
Bank of Salem,AR,Total Assets,250882000.00000000000,USD,2025-03-31
Bank of San Francisco,CA,Total Assets,638907000.00000000000,USD,2025-03-31
Bank of South Texas,TX,Total Assets,159107000.00000000000,USD,2025-03-31
Bank of Springfield,IL,Total Assets,1750082000.00000000000,USD,2025-03-31
Bank of St. Francisville,LA,Total Assets,383474000.00000000000,USD,2025-03-31
Bank of Star Valley,WY,Total Assets,403597000.00000000000,USD,2025-03-31
Bank of Stockton,CA,Total Assets,4550919000.00000000000,USD,2025-03-31
Bank of Stronghurst,IL,Total Assets,87250000.00000000000,USD,2025-03-31
Bank of Sun Prairie,WI,Total Assets,732961000.00000000000,USD,2025-03-31
Bank of Sunset and Trust Company,LA,Total Assets,197621000.00000000000,USD,2025-03-31
Bank of Tennessee,TN,Total Assets,1974651000.00000000000,USD,2025-03-31
Bank of Texas,TX,Total Assets,550564000.00000000000,USD,2025-03-31
Bank of The Rockies,MT,Total Assets,258732000.00000000000,USD,2025-03-31
Bank of Travelers Rest,SC,Total Assets,1529260000.00000000000,USD,2025-03-31
Bank of Utah,UT,Total Assets,3513215000.00000000000,USD,2025-03-31
Bank of Utica,NY,Total Assets,1418618000.00000000000,USD,2025-03-31
Bank of Vici,OK,Total Assets,34262000.00000000000,USD,2025-03-31
Bank of Walker County,AL,Total Assets,95547000.00000000000,USD,2025-03-31
Bank of Washington,MO,Total Assets,1178767000.00000000000,USD,2025-03-31
Bank of Western Oklahoma,OK,Total Assets,411954000.00000000000,USD,2025-03-31
Bank of Weston,MO,Total Assets,224067000.00000000000,USD,2025-03-31
"Bank of Whittier, National Association",CA,Total Assets,173360000.00000000000,USD,2025-03-31
Bank of Wiggins,MS,Total Assets,212606000.00000000000,USD,2025-03-31
Bank of Winnfield & Trust Company,LA,Total Assets,160581000.00000000000,USD,2025-03-31
Bank of Winona,MS,Total Assets,141609000.00000000000,USD,2025-03-31
Bank of Wisconsin Dells,WI,Total Assets,1009644000.00000000000,USD,2025-03-31
Bank of Wolcott,IN,Total Assets,243916000.00000000000,USD,2025-03-31
Bank of Wrightsville,GA,Total Assets,97947000.00000000000,USD,2025-03-31
Bank of Yates City,IL,Total Assets,91061000.00000000000,USD,2025-03-31
Bank of Yazoo City,MS,Total Assets,321140000.00000000000,USD,2025-03-31
Bank of York,SC,Total Assets,296091000.00000000000,USD,2025-03-31
Bank of Zachary,LA,Total Assets,405419000.00000000000,USD,2025-03-31
Bank of the Bluegrass and Trust Company,KY,Total Assets,386528000.00000000000,USD,2025-03-31
Bank of the Federated States of Micronesia,FM,Total Assets,246163000.00000000000,USD,2025-03-31
Bank of the Flint Hills,KS,Total Assets,468873000.00000000000,USD,2025-03-31
Bank of the James,VA,Total Assets,1002624000.00000000000,USD,2025-03-31
Bank of the Lowcountry,SC,Total Assets,369808000.00000000000,USD,2025-03-31
"Bank of the Mountains, Inc.",KY,Total Assets,95144000.00000000000,USD,2025-03-31
Bank of the Orient,CA,Total Assets,982458000.00000000000,USD,2025-03-31
Bank of the Pacific,WA,Total Assets,1218107000.00000000000,USD,2025-03-31
Bank of the Plains,KS,Total Assets,435730000.00000000000,USD,2025-03-31
Bank of the Sierra,CA,Total Assets,3603679000.00000000000,USD,2025-03-31
Bank of the Southwest,NM,Total Assets,186018000.00000000000,USD,2025-03-31
Bank of the Valley,NE,Total Assets,537792000.00000000000,USD,2025-03-31
Bank of the West,TX,Total Assets,794026000.00000000000,USD,2025-03-31
Bank3,TN,Total Assets,450979000.00000000000,USD,2025-03-31
Bank47,AL,Total Assets,71276000.00000000000,USD,2025-03-31
"BankChampaign, National Association",IL,Total Assets,239591000.00000000000,USD,2025-03-31
BankCherokee,MN,Total Assets,398303000.00000000000,USD,2025-03-31
"BankFinancial, National Association",IL,Total Assets,1433172000.00000000000,USD,2025-03-31
BankFirst,NE,Total Assets,1101696000.00000000000,USD,2025-03-31
BankFirst Financial Services,MS,Total Assets,2790484000.00000000000,USD,2025-03-31
BankFlorida,FL,Total Assets,401347000.00000000000,USD,2025-03-31
BankGloucester,MA,Total Assets,378386000.00000000000,USD,2025-03-31
BankIowa,IA,Total Assets,853215000.00000000000,USD,2025-03-31
BankMiami,FL,Total Assets,40477000.00000000000,USD,2025-03-31
BankNewport,RI,Total Assets,2853155000.00000000000,USD,2025-03-31
BankNorth,ND,Total Assets,631949000.00000000000,USD,2025-03-31
BankOkolona,MS,Total Assets,345371000.00000000000,USD,2025-03-31
BankOrion,IL,Total Assets,660522000.00000000000,USD,2025-03-31
"BankPacific, Ltd",GU,Total Assets,177536000.00000000000,USD,2025-03-31
BankPlus,MS,Total Assets,8025891000.00000000000,USD,2025-03-31
BankProv,MA,Total Assets,1553926000.00000000000,USD,2025-03-31
BankSouth,AL,Total Assets,211470000.00000000000,USD,2025-03-31
BankSouth,GA,Total Assets,1362000000.00000000000,USD,2025-03-31
BankStar Financial,SD,Total Assets,333747000.00000000000,USD,2025-03-31
BankTennessee,TN,Total Assets,608675000.00000000000,USD,2025-03-31
"BankUnited, National Association",FL,Total Assets,34811275000.00000000000,USD,2025-03-31
BankVista,MN,Total Assets,608722000.00000000000,USD,2025-03-31
"BankWest, Inc.",SD,Total Assets,1812982000.00000000000,USD,2025-03-31
Bankers Trust Company,IA,Total Assets,7354116000.00000000000,USD,2025-03-31
Bankers' Bank,WI,Total Assets,1463208000.00000000000,USD,2025-03-31
Bankers' Bank of Kansas,KS,Total Assets,227737000.00000000000,USD,2025-03-31
Bankers' Bank of the West,CO,Total Assets,428264000.00000000000,USD,2025-03-31
Bankesb,MA,Total Assets,2031813000.00000000000,USD,2025-03-31
Bankhometown,MA,Total Assets,1567141000.00000000000,USD,2025-03-31
Bankwell Bank,CT,Total Assets,3178509000.00000000000,USD,2025-03-31
Banner Bank,WA,Total Assets,16187323000.00000000000,USD,2025-03-31
Banner Banks,WI,Total Assets,122820000.00000000000,USD,2025-03-31
Banner Capital Bank,NE,Total Assets,351135000.00000000000,USD,2025-03-31
Banterra Bank,IL,Total Assets,3171387000.00000000000,USD,2025-03-31
Bar Harbor Bank & Trust,ME,Total Assets,4058800000.00000000000,USD,2025-03-31
Bar Harbor Savings and Loan Association,ME,Total Assets,98994000.00000000000,USD,2025-03-31
Baraboo State Bank,WI,Total Assets,541817000.00000000000,USD,2025-03-31
Barclays Bank Delaware,DE,Total Assets,45277000000.00000000000,USD,2025-03-31
"Barrington Bank & Trust Company, National Association",IL,Total Assets,4541360000.00000000000,USD,2025-03-31
Barwick Banking Company,GA,Total Assets,603254000.00000000000,USD,2025-03-31
Basile State Bank,LA,Total Assets,81231000.00000000000,USD,2025-03-31
Bath Savings Institution,ME,Total Assets,1415126000.00000000000,USD,2025-03-31
Bath State Bank,IN,Total Assets,323263000.00000000000,USD,2025-03-31
Battle Creek State Bank,NE,Total Assets,48232000.00000000000,USD,2025-03-31
Bay Bank,WI,Total Assets,307771000.00000000000,USD,2025-03-31
Bay Port State Bank,MI,Total Assets,151692000.00000000000,USD,2025-03-31
Bay State Savings Bank,MA,Total Assets,547133000.00000000000,USD,2025-03-31
BayCoast Bank,MA,Total Assets,2958260000.00000000000,USD,2025-03-31
BayFirst National Bank,FL,Total Assets,1291832000.00000000000,USD,2025-03-31
BayVanguard Bank,MD,Total Assets,914177000.00000000000,USD,2025-03-31
Baybank,MI,Total Assets,165570000.00000000000,USD,2025-03-31
Beach Cities Commercial Bank,CA,Total Assets,153845000.00000000000,USD,2025-03-31
Beacon Community Bank,SC,Total Assets,836761000.00000000000,USD,2025-03-31
Beal Bank USA,NV,Total Assets,16287294000.00000000000,USD,2025-03-31
Beardstown Savings s.b.,IL,Total Assets,71949000.00000000000,USD,2025-03-31
Beauregard Federal Savings Bank,LA,Total Assets,80896000.00000000000,USD,2025-03-31
Bedford Federal Savings Bank,IN,Total Assets,263241000.00000000000,USD,2025-03-31
Bedford Loan & Deposit Bank,KY,Total Assets,113647000.00000000000,USD,2025-03-31
Belgrade State Bank,MO,Total Assets,491551000.00000000000,USD,2025-03-31
Bell Bank,ND,Total Assets,14499349000.00000000000,USD,2025-03-31
Bellevue State Bank,IA,Total Assets,168926000.00000000000,USD,2025-03-31
Belmont Bank & Trust Company,IL,Total Assets,977841000.00000000000,USD,2025-03-31
Belmont Savings Bank,OH,Total Assets,527581000.00000000000,USD,2025-03-31
"Belmont Savings Bank, SSB",NC,Total Assets,139597000.00000000000,USD,2025-03-31
Belt Valley Bank,MT,Total Assets,81276000.00000000000,USD,2025-03-31
Benchmark Bank,TX,Total Assets,1218286000.00000000000,USD,2025-03-31
Benchmark Community Bank,VA,Total Assets,1284317000.00000000000,USD,2025-03-31
